,PassengerId,Survived,Pclass,Sex,Age,SibSp,Parch,Fare,male,male,male,male
0,1,0,3,male,22.0,1,0,7.25,1,True,1,True
1,2,1,1,female,38.0,1,0,71.2833,0,False,0,False
2,3,1,3,female,26.0,0,0,7.925,0,False,0,False
3,4,1,1,female,35.0,1,0,53.1,0,False,0,False
4,5,0,3,male,35.0,0,0,8.05,1,True,1,True
5,6,0,3,male,25.0,0,0,8.4583,1,True,1,True
6,7,0,1,male,54.0,0,0,51.8625,1,True,1,True
7,8,0,3,male,2.0,3,1,21.075,1,True,1,True
8,9,1,3,female,27.0,0,2,11.1333,0,False,0,False
9,10,1,2,female,14.0,1,0,30.0708,0,False,0,False
10,11,1,3,female,4.0,1,1,16.7,0,False,0,False
11,12,1,1,female,58.0,0,0,26.55,0,False,0,False
12,13,0,3,male,20.0,0,0,8.05,1,True,1,True
13,14,0,3,male,39.0,1,5,31.275,1,True,1,True
14,15,0,3,female,14.0,0,0,7.8542,0,False,0,False
15,16,1,2,female,55.0,0,0,16.0,0,False,0,False
16,17,0,3,male,2.0,4,1,29.125,1,True,1,True
17,18,1,2,male,30.0,0,0,13.0,1,True,1,True
18,19,0,3,female,31.0,1,0,18.0,0,False,0,False
19,20,1,3,female,25.0,0,0,7.225,0,False,0,False
20,21,0,2,male,35.0,0,0,26.0,1,True,1,True
21,22,1,2,male,34.0,0,0,13.0,1,True,1,True
22,23,1,3,female,15.0,0,0,8.0292,0,False,0,False
23,24,1,1,male,28.0,0,0,35.5,1,True,1,True
24,25,0,3,female,8.0,3,1,21.075,0,False,0,False
25,26,1,3,female,38.0,1,5,31.3875,0,False,0,False
26,27,0,3,male,25.0,0,0,7.225,1,True,1,True
27,28,0,1,male,19.0,3,2,263.0,1,True,1,True
28,29,1,3,female,25.0,0,0,7.8792,0,False,0,False
29,30,0,3,male,25.0,0,0,7.8958,1,True,1,True
30,31,0,1,male,40.0,0,0,27.7208,1,True,1,True
31,32,1,1,female,38.0,1,0,146.5208,0,False,0,False
32,33,1,3,female,25.0,0,0,7.75,0,False,0,False
33,34,0,2,male,66.0,0,0,10.5,1,True,1,True
34,35,0,1,male,28.0,1,0,82.1708,1,True,1,True
35,36,0,1,male,42.0,1,0,52.0,1,True,1,True
36,37,1,3,male,25.0,0,0,7.2292,1,True,1,True
37,38,0,3,male,21.0,0,0,8.05,1,True,1,True
38,39,0,3,female,18.0,2,0,18.0,0,False,0,False
39,40,1,3,female,14.0,1,0,11.2417,0,False,0,False
40,41,0,3,female,40.0,1,0,9.475,0,False,0,False
41,42,0,2,female,27.0,1,0,21.0,0,False,0,False
42,43,0,3,male,25.0,0,0,7.8958,1,True,1,True
43,44,1,2,female,3.0,1,2,41.5792,0,False,0,False
44,45,1,3,female,19.0,0,0,7.8792,0,False,0,False
45,46,0,3,male,25.0,0,0,8.05,1,True,1,True
46,47,0,3,male,25.0,1,0,15.5,1,True,1,True
47,48,1,3,female,25.0,0,0,7.75,0,False,0,False
48,49,0,3,male,25.0,2,0,21.6792,1,True,1,True
49,50,0,3,female,18.0,1,0,17.8,0,False,0,False
50,51,0,3,male,7.0,4,1,39.6875,1,True,1,True
51,52,0,3,male,21.0,0,0,7.8,1,True,1,True
52,53,1,1,female,49.0,1,0,76.7292,0,False,0,False
53,54,1,2,female,29.0,1,0,26.0,0,False,0,False
54,55,0,1,male,65.0,0,1,61.9792,1,True,1,True
55,56,1,1,male,38.0,0,0,35.5,1,True,1,True
56,57,1,2,female,21.0,0,0,10.5,0,False,0,False
57,58,0,3,male,28.5,0,0,7.2292,1,True,1,True
58,59,1,2,female,5.0,1,2,27.75,0,False,0,False
59,60,0,3,male,11.0,5,2,46.9,1,True,1,True
60,61,0,3,male,22.0,0,0,7.2292,1,True,1,True
61,62,1,1,female,38.0,0,0,80.0,0,False,0,False
62,63,0,1,male,45.0,1,0,83.475,1,True,1,True
63,64,0,3,male,4.0,3,2,27.9,1,True,1,True
64,65,0,1,male,38.0,0,0,27.7208,1,True,1,True
65,66,1,3,male,25.0,1,1,15.2458,1,True,1,True
66,67,1,2,female,29.0,0,0,10.5,0,False,0,False
67,68,0,3,male,19.0,0,0,8.1583,1,True,1,True
68,69,1,3,female,17.0,4,2,7.925,0,False,0,False
69,70,0,3,male,26.0,2,0,8.6625,1,True,1,True
70,71,0,2,male,32.0,0,0,10.5,1,True,1,True
71,72,0,3,female,16.0,5,2,46.9,0,False,0,False
72,73,0,2,male,21.0,0,0,73.5,1,True,1,True
73,74,0,3,male,26.0,1,0,14.4542,1,True,1,True
74,75,1,3,male,32.0,0,0,56.4958,1,True,1,True
75,76,0,3,male,25.0,0,0,7.65,1,True,1,True
76,77,0,3,male,25.0,0,0,7.8958,1,True,1,True
77,78,0,3,male,25.0,0,0,8.05,1,True,1,True
78,79,1,2,male,0.83,0,2,29.0,1,True,1,True
79,80,1,3,female,30.0,0,0,12.475,0,False,0,False
80,81,0,3,male,22.0,0,0,9.0,1,True,1,True
81,82,1,3,male,29.0,0,0,9.5,1,True,1,True
82,83,1,3,female,25.0,0,0,7.7875,0,False,0,False
83,84,0,1,male,28.0,0,0,47.1,1,True,1,True
84,85,1,2,female,17.0,0,0,10.5,0,False,0,False
85,86,1,3,female,33.0,3,0,15.85,0,False,0,False
86,87,0,3,male,16.0,1,3,34.375,1,True,1,True
87,88,0,3,male,25.0,0,0,8.05,1,True,1,True
88,89,1,1,female,23.0,3,2,263.0,0,False,0,False
89,90,0,3,male,24.0,0,0,8.05,1,True,1,True
90,91,0,3,male,29.0,0,0,8.05,1,True,1,True
91,92,0,3,male,20.0,0,0,7.8542,1,True,1,True
92,93,0,1,male,46.0,1,0,61.175,1,True,1,True
93,94,0,3,male,26.0,1,2,20.575,1,True,1,True
94,95,0,3,male,59.0,0,0,7.25,1,True,1,True
95,96,0,3,male,25.0,0,0,8.05,1,True,1,True
96,97,0,1,male,71.0,0,0,34.6542,1,True,1,True
97,98,1,1,male,23.0,0,1,63.3583,1,True,1,True
98,99,1,2,female,34.0,0,1,23.0,0,False,0,False
99,100,0,2,male,34.0,1,0,26.0,1,True,1,True
100,101,0,3,female,28.0,0,0,7.8958,0,False,0,False
101,102,0,3,male,25.0,0,0,7.8958,1,True,1,True
102,103,0,1,male,21.0,0,1,77.2875,1,True,1,True
103,104,0,3,male,33.0,0,0,8.6542,1,True,1,True
104,105,0,3,male,37.0,2,0,7.925,1,True,1,True
105,106,0,3,male,28.0,0,0,7.8958,1,True,1,True
106,107,1,3,female,21.0,0,0,7.65,0,False,0,False
107,108,1,3,male,25.0,0,0,7.775,1,True,1,True
108,109,0,3,male,38.0,0,0,7.8958,1,True,1,True
109,110,1,3,female,25.0,1,0,24.15,0,False,0,False
110,111,0,1,male,47.0,0,0,52.0,1,True,1,True
111,112,0,3,female,14.5,1,0,14.4542,0,False,0,False
112,113,0,3,male,22.0,0,0,8.05,1,True,1,True
113,114,0,3,female,20.0,1,0,9.825,0,False,0,False
114,115,0,3,female,17.0,0,0,14.4583,0,False,0,False
115,116,0,3,male,21.0,0,0,7.925,1,True,1,True
116,117,0,3,male,70.5,0,0,7.75,1,True,1,True
117,118,0,2,male,29.0,1,0,21.0,1,True,1,True
118,119,0,1,male,24.0,0,1,247.5208,1,True,1,True
119,120,0,3,female,2.0,4,2,31.275,0,False,0,False
120,121,0,2,male,21.0,2,0,73.5,1,True,1,True
121,122,0,3,male,25.0,0,0,8.05,1,True,1,True
122,123,0,2,male,32.5,1,0,30.0708,1,True,1,True
123,124,1,2,female,32.5,0,0,13.0,0,False,0,False
124,125,0,1,male,54.0,0,1,77.2875,1,True,1,True
125,126,1,3,male,12.0,1,0,11.2417,1,True,1,True
126,127,0,3,male,25.0,0,0,7.75,1,True,1,True
127,128,1,3,male,24.0,0,0,7.1417,1,True,1,True
128,129,1,3,female,25.0,1,1,22.3583,0,False,0,False
129,130,0,3,male,45.0,0,0,6.975,1,True,1,True
130,131,0,3,male,33.0,0,0,7.8958,1,True,1,True
131,132,0,3,male,20.0,0,0,7.05,1,True,1,True
132,133,0,3,female,47.0,1,0,14.5,0,False,0,False
133,134,1,2,female,29.0,1,0,26.0,0,False,0,False
134,135,0,2,male,25.0,0,0,13.0,1,True,1,True
135,136,0,2,male,23.0,0,0,15.0458,1,True,1,True
136,137,1,1,female,19.0,0,2,26.2833,0,False,0,False
137,138,0,1,male,37.0,1,0,53.1,1,True,1,True
138,139,0,3,male,16.0,0,0,9.2167,1,True,1,True
139,140,0,1,male,24.0,0,0,79.2,1,True,1,True
140,141,0,3,female,25.0,0,2,15.2458,0,False,0,False
141,142,1,3,female,22.0,0,0,7.75,0,False,0,False
142,143,1,3,female,24.0,1,0,15.85,0,False,0,False
143,144,0,3,male,19.0,0,0,6.75,1,True,1,True
144,145,0,2,male,18.0,0,0,11.5,1,True,1,True
145,146,0,2,male,19.0,1,1,36.75,1,True,1,True
146,147,1,3,male,27.0,0,0,7.7958,1,True,1,True
147,148,0,3,female,9.0,2,2,34.375,0,False,0,False
148,149,0,2,male,36.5,0,2,26.0,1,True,1,True
149,150,0,2,male,42.0,0,0,13.0,1,True,1,True
150,151,0,2,male,51.0,0,0,12.525,1,True,1,True
151,152,1,1,female,22.0,1,0,66.6,0,False,0,False
152,153,0,3,male,55.5,0,0,8.05,1,True,1,True
153,154,0,3,male,40.5,0,2,14.5,1,True,1,True
154,155,0,3,male,25.0,0,0,7.3125,1,True,1,True
155,156,0,1,male,51.0,0,1,61.3792,1,True,1,True
156,157,1,3,female,16.0,0,0,7.7333,0,False,0,False
157,158,0,3,male,30.0,0,0,8.05,1,True,1,True
158,159,0,3,male,25.0,0,0,8.6625,1,True,1,True
159,160,0,3,male,25.0,8,2,69.55,1,True,1,True
160,161,0,3,male,44.0,0,1,16.1,1,True,1,True
161,162,1,2,female,40.0,0,0,15.75,0,False,0,False
162,163,0,3,male,26.0,0,0,7.775,1,True,1,True
163,164,0,3,male,17.0,0,0,8.6625,1,True,1,True
164,165,0,3,male,1.0,4,1,39.6875,1,True,1,True
165,166,1,3,male,9.0,0,2,20.525,1,True,1,True
166,167,1,1,female,38.0,0,1,55.0,0,False,0,False
167,168,0,3,female,45.0,1,4,27.9,0,False,0,False
168,169,0,1,male,38.0,0,0,25.925,1,True,1,True
169,170,0,3,male,28.0,0,0,56.4958,1,True,1,True
170,171,0,1,male,61.0,0,0,33.5,1,True,1,True
171,172,0,3,male,4.0,4,1,29.125,1,True,1,True
172,173,1,3,female,1.0,1,1,11.1333,0,False,0,False
173,174,0,3,male,21.0,0,0,7.925,1,True,1,True
174,175,0,1,male,56.0,0,0,30.6958,1,True,1,True
175,176,0,3,male,18.0,1,1,7.8542,1,True,1,True
176,177,0,3,male,25.0,3,1,25.4667,1,True,1,True
177,178,0,1,female,50.0,0,0,28.7125,0,False,0,False
178,179,0,2,male,30.0,0,0,13.0,1,True,1,True
179,180,0,3,male,36.0,0,0,0.0,1,True,1,True
180,181,0,3,female,25.0,8,2,69.55,0,False,0,False
181,182,0,2,male,30.0,0,0,15.05,1,True,1,True
182,183,0,3,male,9.0,4,2,31.3875,1,True,1,True
183,184,1,2,male,1.0,2,1,39.0,1,True,1,True
184,185,1,3,female,4.0,0,2,22.025,0,False,0,False
185,186,0,1,male,38.0,0,0,50.0,1,True,1,True
186,187,1,3,female,25.0,1,0,15.5,0,False,0,False
187,188,1,1,male,45.0,0,0,26.55,1,True,1,True
188,189,0,3,male,40.0,1,1,15.5,1,True,1,True
189,190,0,3,male,36.0,0,0,7.8958,1,True,1,True
190,191,1,2,female,32.0,0,0,13.0,0,False,0,False
191,192,0,2,male,19.0,0,0,13.0,1,True,1,True
192,193,1,3,female,19.0,1,0,7.8542,0,False,0,False
193,194,1,2,male,3.0,1,1,26.0,1,True,1,True
194,195,1,1,female,44.0,0,0,27.7208,0,False,0,False
195,196,1,1,female,58.0,0,0,146.5208,0,False,0,False
196,197,0,3,male,25.0,0,0,7.75,1,True,1,True
197,198,0,3,male,42.0,0,1,8.4042,1,True,1,True
198,199,1,3,female,25.0,0,0,7.75,0,False,0,False
199,200,0,2,female,24.0,0,0,13.0,0,False,0,False
200,201,0,3,male,28.0,0,0,9.5,1,True,1,True
201,202,0,3,male,25.0,8,2,69.55,1,True,1,True
202,203,0,3,male,34.0,0,0,6.4958,1,True,1,True
203,204,0,3,male,45.5,0,0,7.225,1,True,1,True
204,205,1,3,male,18.0,0,0,8.05,1,True,1,True
205,206,0,3,female,2.0,0,1,10.4625,0,False,0,False
206,207,0,3,male,32.0,1,0,15.85,1,True,1,True
207,208,1,3,male,26.0,0,0,18.7875,1,True,1,True
208,209,1,3,female,16.0,0,0,7.75,0,False,0,False
209,210,1,1,male,40.0,0,0,31.0,1,True,1,True
210,211,0,3,male,24.0,0,0,7.05,1,True,1,True
211,212,1,2,female,35.0,0,0,21.0,0,False,0,False
212,213,0,3,male,22.0,0,0,7.25,1,True,1,True
213,214,0,2,male,30.0,0,0,13.0,1,True,1,True
214,215,0,3,male,25.0,1,0,7.75,1,True,1,True
215,216,1,1,female,31.0,1,0,113.275,0,False,0,False
216,217,1,3,female,27.0,0,0,7.925,0,False,0,False
217,218,0,2,male,42.0,1,0,27.0,1,True,1,True
218,219,1,1,female,32.0,0,0,76.2917,0,False,0,False
219,220,0,2,male,30.0,0,0,10.5,1,True,1,True
220,221,1,3,male,16.0,0,0,8.05,1,True,1,True
221,222,0,2,male,27.0,0,0,13.0,1,True,1,True
222,223,0,3,male,51.0,0,0,8.05,1,True,1,True
223,224,0,3,male,25.0,0,0,7.8958,1,True,1,True
224,225,1,1,male,38.0,1,0,90.0,1,True,1,True
225,226,0,3,male,22.0,0,0,9.35,1,True,1,True
226,227,1,2,male,19.0,0,0,10.5,1,True,1,True
227,228,0,3,male,20.5,0,0,7.25,1,True,1,True
228,229,0,2,male,18.0,0,0,13.0,1,True,1,True
229,230,0,3,female,25.0,3,1,25.4667,0,False,0,False
230,231,1,1,female,35.0,1,0,83.475,0,False,0,False
231,232,0,3,male,29.0,0,0,7.775,1,True,1,True
232,233,0,2,male,59.0,0,0,13.5,1,True,1,True
233,234,1,3,female,5.0,4,2,31.3875,0,False,0,False
234,235,0,2,male,24.0,0,0,10.5,1,True,1,True
235,236,0,3,female,25.0,0,0,7.55,0,False,0,False
236,237,0,2,male,44.0,1,0,26.0,1,True,1,True
237,238,1,2,female,8.0,0,2,26.25,0,False,0,False
238,239,0,2,male,19.0,0,0,10.5,1,True,1,True
239,240,0,2,male,33.0,0,0,12.275,1,True,1,True
240,241,0,3,female,25.0,1,0,14.4542,0,False,0,False
241,242,1,3,female,25.0,1,0,15.5,0,False,0,False
242,243,0,2,male,29.0,0,0,10.5,1,True,1,True
243,244,0,3,male,22.0,0,0,7.125,1,True,1,True
244,245,0,3,male,30.0,0,0,7.225,1,True,1,True
245,246,0,1,male,44.0,2,0,90.0,1,True,1,True
246,247,0,3,female,25.0,0,0,7.775,0,False,0,False
247,248,1,2,female,24.0,0,2,14.5,0,False,0,False
248,249,1,1,male,37.0,1,1,52.5542,1,True,1,True
249,250,0,2,male,54.0,1,0,26.0,1,True,1,True
250,251,0,3,male,25.0,0,0,7.25,1,True,1,True
251,252,0,3,female,29.0,1,1,10.4625,0,False,0,False
252,253,0,1,male,62.0,0,0,26.55,1,True,1,True
253,254,0,3,male,30.0,1,0,16.1,1,True,1,True
254,255,0,3,female,41.0,0,2,20.2125,0,False,0,False
255,256,1,3,female,29.0,0,2,15.2458,0,False,0,False
256,257,1,1,female,38.0,0,0,79.2,0,False,0,False
257,258,1,1,female,30.0,0,0,86.5,0,False,0,False
258,259,1,1,female,35.0,0,0,512.3292,0,False,0,False
259,260,1,2,female,50.0,0,1,26.0,0,False,0,False
260,261,0,3,male,25.0,0,0,7.75,1,True,1,True
261,262,1,3,male,3.0,4,2,31.3875,1,True,1,True
262,263,0,1,male,52.0,1,1,79.65,1,True,1,True
263,264,0,1,male,40.0,0,0,0.0,1,True,1,True
264,265,0,3,female,25.0,0,0,7.75,0,False,0,False
265,266,0,2,male,36.0,0,0,10.5,1,True,1,True
266,267,0,3,male,16.0,4,1,39.6875,1,True,1,True
267,268,1,3,male,25.0,1,0,7.775,1,True,1,True
268,269,1,1,female,58.0,0,1,153.4625,0,False,0,False
269,270,1,1,female,35.0,0,0,135.6333,0,False,0,False
270,271,0,1,male,38.0,0,0,31.0,1,True,1,True
271,272,1,3,male,25.0,0,0,0.0,1,True,1,True
272,273,1,2,female,41.0,0,1,19.5,0,False,0,False
273,274,0,1,male,37.0,0,1,29.7,1,True,1,True
274,275,1,3,female,25.0,0,0,7.75,0,False,0,False
275,276,1,1,female,63.0,1,0,77.9583,0,False,0,False
276,277,0,3,female,45.0,0,0,7.75,0,False,0,False
277,278,0,2,male,30.0,0,0,0.0,1,True,1,True
278,279,0,3,male,7.0,4,1,29.125,1,True,1,True
279,280,1,3,female,35.0,1,1,20.25,0,False,0,False
280,281,0,3,male,65.0,0,0,7.75,1,True,1,True
281,282,0,3,male,28.0,0,0,7.8542,1,True,1,True
282,283,0,3,male,16.0,0,0,9.5,1,True,1,True
283,284,1,3,male,19.0,0,0,8.05,1,True,1,True
284,285,0,1,male,38.0,0,0,26.0,1,True,1,True
285,286,0,3,male,33.0,0,0,8.6625,1,True,1,True
286,287,1,3,male,30.0,0,0,9.5,1,True,1,True
287,288,0,3,male,22.0,0,0,7.8958,1,True,1,True
288,289,1,2,male,42.0,0,0,13.0,1,True,1,True
289,290,1,3,female,22.0,0,0,7.75,0,False,0,False
290,291,1,1,female,26.0,0,0,78.85,0,False,0,False
291,292,1,1,female,19.0,1,0,91.0792,0,False,0,False
292,293,0,2,male,36.0,0,0,12.875,1,True,1,True
293,294,0,3,female,24.0,0,0,8.85,0,False,0,False
294,295,0,3,male,24.0,0,0,7.8958,1,True,1,True
295,296,0,1,male,38.0,0,0,27.7208,1,True,1,True
296,297,0,3,male,23.5,0,0,7.2292,1,True,1,True
297,298,0,1,female,2.0,1,2,151.55,0,False,0,False
298,299,1,1,male,38.0,0,0,30.5,1,True,1,True
299,300,1,1,female,50.0,0,1,247.5208,0,False,0,False
300,301,1,3,female,25.0,0,0,7.75,0,False,0,False
301,302,1,3,male,25.0,2,0,23.25,1,True,1,True
302,303,0,3,male,19.0,0,0,0.0,1,True,1,True
303,304,1,2,female,30.0,0,0,12.35,0,False,0,False
304,305,0,3,male,25.0,0,0,8.05,1,True,1,True
305,306,1,1,male,0.92,1,2,151.55,1,True,1,True
306,307,1,1,female,38.0,0,0,110.8833,0,False,0,False
307,308,1,1,female,17.0,1,0,108.9,0,False,0,False
308,309,0,2,male,30.0,1,0,24.0,1,True,1,True
309,310,1,1,female,30.0,0,0,56.9292,0,False,0,False
310,311,1,1,female,24.0,0,0,83.1583,0,False,0,False
311,312,1,1,female,18.0,2,2,262.375,0,False,0,False
312,313,0,2,female,26.0,1,1,26.0,0,False,0,False
313,314,0,3,male,28.0,0,0,7.8958,1,True,1,True
314,315,0,2,male,43.0,1,1,26.25,1,True,1,True
315,316,1,3,female,26.0,0,0,7.8542,0,False,0,False
316,317,1,2,female,24.0,1,0,26.0,0,False,0,False
317,318,0,2,male,54.0,0,0,14.0,1,True,1,True
318,319,1,1,female,31.0,0,2,164.8667,0,False,0,False
319,320,1,1,female,40.0,1,1,134.5,0,False,0,False
320,321,0,3,male,22.0,0,0,7.25,1,True,1,True
321,322,0,3,male,27.0,0,0,7.8958,1,True,1,True
322,323,1,2,female,30.0,0,0,12.35,0,False,0,False
323,324,1,2,female,22.0,1,1,29.0,0,False,0,False
324,325,0,3,male,25.0,8,2,69.55,1,True,1,True
325,326,1,1,female,36.0,0,0,135.6333,0,False,0,False
326,327,0,3,male,61.0,0,0,6.2375,1,True,1,True
327,328,1,2,female,36.0,0,0,13.0,0,False,0,False
328,329,1,3,female,31.0,1,1,20.525,0,False,0,False
329,330,1,1,female,16.0,0,1,57.9792,0,False,0,False
330,331,1,3,female,25.0,2,0,23.25,0,False,0,False
331,332,0,1,male,45.5,0,0,28.5,1,True,1,True
332,333,0,1,male,38.0,0,1,153.4625,1,True,1,True
333,334,0,3,male,16.0,2,0,18.0,1,True,1,True
334,335,1,1,female,38.0,1,0,133.65,0,False,0,False
335,336,0,3,male,25.0,0,0,7.8958,1,True,1,True
336,337,0,1,male,29.0,1,0,66.6,1,True,1,True
337,338,1,1,female,41.0,0,0,134.5,0,False,0,False
338,339,1,3,male,45.0,0,0,8.05,1,True,1,True
339,340,0,1,male,45.0,0,0,35.5,1,True,1,True
340,341,1,2,male,2.0,1,1,26.0,1,True,1,True
341,342,1,1,female,24.0,3,2,263.0,0,False,0,False
342,343,0,2,male,28.0,0,0,13.0,1,True,1,True
343,344,0,2,male,25.0,0,0,13.0,1,True,1,True
344,345,0,2,male,36.0,0,0,13.0,1,True,1,True
345,346,1,2,female,24.0,0,0,13.0,0,False,0,False
346,347,1,2,female,40.0,0,0,13.0,0,False,0,False
347,348,1,3,female,25.0,1,0,16.1,0,False,0,False
348,349,1,3,male,3.0,1,1,15.9,1,True,1,True
349,350,0,3,male,42.0,0,0,8.6625,1,True,1,True
350,351,0,3,male,23.0,0,0,9.225,1,True,1,True
351,352,0,1,male,38.0,0,0,35.0,1,True,1,True
352,353,0,3,male,15.0,1,1,7.2292,1,True,1,True
353,354,0,3,male,25.0,1,0,17.8,1,True,1,True
354,355,0,3,male,25.0,0,0,7.225,1,True,1,True
355,356,0,3,male,28.0,0,0,9.5,1,True,1,True
356,357,1,1,female,22.0,0,1,55.0,0,False,0,False
357,358,0,2,female,38.0,0,0,13.0,0,False,0,False
358,359,1,3,female,25.0,0,0,7.8792,0,False,0,False
359,360,1,3,female,25.0,0,0,7.8792,0,False,0,False
360,361,0,3,male,40.0,1,4,27.9,1,True,1,True
361,362,0,2,male,29.0,1,0,27.7208,1,True,1,True
362,363,0,3,female,45.0,0,1,14.4542,0,False,0,False
363,364,0,3,male,35.0,0,0,7.05,1,True,1,True
364,365,0,3,male,25.0,1,0,15.5,1,True,1,True
365,366,0,3,male,30.0,0,0,7.25,1,True,1,True
366,367,1,1,female,60.0,1,0,75.25,0,False,0,False
367,368,1,3,female,25.0,0,0,7.2292,0,False,0,False
368,369,1,3,female,25.0,0,0,7.75,0,False,0,False
369,370,1,1,female,24.0,0,0,69.3,0,False,0,False
370,371,1,1,male,25.0,1,0,55.4417,1,True,1,True
371,372,0,3,male,18.0,1,0,6.4958,1,True,1,True
372,373,0,3,male,19.0,0,0,8.05,1,True,1,True
373,374,0,1,male,22.0,0,0,135.6333,1,True,1,True
374,375,0,3,female,3.0,3,1,21.075,0,False,0,False
375,376,1,1,female,38.0,1,0,82.1708,0,False,0,False
376,377,1,3,female,22.0,0,0,7.25,0,False,0,False
377,378,0,1,male,27.0,0,2,211.5,1,True,1,True
378,379,0,3,male,20.0,0,0,4.0125,1,True,1,True
379,380,0,3,male,19.0,0,0,7.775,1,True,1,True
380,381,1,1,female,42.0,0,0,227.525,0,False,0,False
381,382,1,3,female,1.0,0,2,15.7417,0,False,0,False
382,383,0,3,male,32.0,0,0,7.925,1,True,1,True
383,384,1,1,female,35.0,1,0,52.0,0,False,0,False
384,385,0,3,male,25.0,0,0,7.8958,1,True,1,True
385,386,0,2,male,18.0,0,0,73.5,1,True,1,True
386,387,0,3,male,1.0,5,2,46.9,1,True,1,True
387,388,1,2,female,36.0,0,0,13.0,0,False,0,False
388,389,0,3,male,25.0,0,0,7.7292,1,True,1,True
389,390,1,2,female,17.0,0,0,12.0,0,False,0,False
390,391,1,1,male,36.0,1,2,120.0,1,True,1,True
391,392,1,3,male,21.0,0,0,7.7958,1,True,1,True
392,393,0,3,male,28.0,2,0,7.925,1,True,1,True
393,394,1,1,female,23.0,1,0,113.275,0,False,0,False
394,395,1,3,female,24.0,0,2,16.7,0,False,0,False
395,396,0,3,male,22.0,0,0,7.7958,1,True,1,True
396,397,0,3,female,31.0,0,0,7.8542,0,False,0,False
397,398,0,2,male,46.0,0,0,26.0,1,True,1,True
398,399,0,2,male,23.0,0,0,10.5,1,True,1,True
399,400,1,2,female,28.0,0,0,12.65,0,False,0,False
400,401,1,3,male,39.0,0,0,7.925,1,True,1,True
401,402,0,3,male,26.0,0,0,8.05,1,True,1,True
402,403,0,3,female,21.0,1,0,9.825,0,False,0,False
403,404,0,3,male,28.0,1,0,15.85,1,True,1,True
404,405,0,3,female,20.0,0,0,8.6625,0,False,0,False
405,406,0,2,male,34.0,1,0,21.0,1,True,1,True
406,407,0,3,male,51.0,0,0,7.75,1,True,1,True
407,408,1,2,male,3.0,1,1,18.75,1,True,1,True
408,409,0,3,male,21.0,0,0,7.775,1,True,1,True
409,410,0,3,female,25.0,3,1,25.4667,0,False,0,False
410,411,0,3,male,25.0,0,0,7.8958,1,True,1,True
411,412,0,3,male,25.0,0,0,6.8583,1,True,1,True
412,413,1,1,female,33.0,1,0,90.0,0,False,0,False
413,414,0,2,male,30.0,0,0,0.0,1,True,1,True
414,415,1,3,male,44.0,0,0,7.925,1,True,1,True
415,416,0,3,female,25.0,0,0,8.05,0,False,0,False
416,417,1,2,female,34.0,1,1,32.5,0,False,0,False
417,418,1,2,female,18.0,0,2,13.0,0,False,0,False
418,419,0,2,male,30.0,0,0,13.0,1,True,1,True
419,420,0,3,female,10.0,0,2,24.15,0,False,0,False
420,421,0,3,male,25.0,0,0,7.8958,1,True,1,True
421,422,0,3,male,21.0,0,0,7.7333,1,True,1,True
422,423,0,3,male,29.0,0,0,7.875,1,True,1,True
423,424,0,3,female,28.0,1,1,14.4,0,False,0,False
424,425,0,3,male,18.0,1,1,20.2125,1,True,1,True
425,426,0,3,male,25.0,0,0,7.25,1,True,1,True
426,427,1,2,female,28.0,1,0,26.0,0,False,0,False
427,428,1,2,female,19.0,0,0,26.0,0,False,0,False
428,429,0,3,male,25.0,0,0,7.75,1,True,1,True
429,430,1,3,male,32.0,0,0,8.05,1,True,1,True
430,431,1,1,male,28.0,0,0,26.55,1,True,1,True
431,432,1,3,female,25.0,1,0,16.1,0,False,0,False
432,433,1,2,female,42.0,1,0,26.0,0,False,0,False
433,434,0,3,male,17.0,0,0,7.125,1,True,1,True
434,435,0,1,male,50.0,1,0,55.9,1,True,1,True
435,436,1,1,female,14.0,1,2,120.0,0,False,0,False
436,437,0,3,female,21.0,2,2,34.375,0,False,0,False
437,438,1,2,female,24.0,2,3,18.75,0,False,0,False
438,439,0,1,male,64.0,1,4,263.0,1,True,1,True
439,440,0,2,male,31.0,0,0,10.5,1,True,1,True
440,441,1,2,female,45.0,1,1,26.25,0,False,0,False
441,442,0,3,male,20.0,0,0,9.5,1,True,1,True
442,443,0,3,male,25.0,1,0,7.775,1,True,1,True
443,444,1,2,female,28.0,0,0,13.0,0,False,0,False
444,445,1,3,male,25.0,0,0,8.1125,1,True,1,True
445,446,1,1,male,4.0,0,2,81.8583,1,True,1,True
446,447,1,2,female,13.0,0,1,19.5,0,False,0,False
447,448,1,1,male,34.0,0,0,26.55,1,True,1,True
448,449,1,3,female,5.0,2,1,19.2583,0,False,0,False
449,450,1,1,male,52.0,0,0,30.5,1,True,1,True
450,451,0,2,male,36.0,1,2,27.75,1,True,1,True
451,452,0,3,male,25.0,1,0,19.9667,1,True,1,True
452,453,0,1,male,30.0,0,0,27.75,1,True,1,True
453,454,1,1,male,49.0,1,0,89.1042,1,True,1,True
454,455,0,3,male,25.0,0,0,8.05,1,True,1,True
455,456,1,3,male,29.0,0,0,7.8958,1,True,1,True
456,457,0,1,male,65.0,0,0,26.55,1,True,1,True
457,458,1,1,female,38.0,1,0,51.8625,0,False,0,False
458,459,1,2,female,50.0,0,0,10.5,0,False,0,False
459,460,0,3,male,25.0,0,0,7.75,1,True,1,True
460,461,1,1,male,48.0,0,0,26.55,1,True,1,True
461,462,0,3,male,34.0,0,0,8.05,1,True,1,True
462,463,0,1,male,47.0,0,0,38.5,1,True,1,True
463,464,0,2,male,48.0,0,0,13.0,1,True,1,True
464,465,0,3,male,25.0,0,0,8.05,1,True,1,True
465,466,0,3,male,38.0,0,0,7.05,1,True,1,True
466,467,0,2,male,30.0,0,0,0.0,1,True,1,True
467,468,0,1,male,56.0,0,0,26.55,1,True,1,True
468,469,0,3,male,25.0,0,0,7.725,1,True,1,True
469,470,1,3,female,0.75,2,1,19.2583,0,False,0,False
470,471,0,3,male,25.0,0,0,7.25,1,True,1,True
471,472,0,3,male,38.0,0,0,8.6625,1,True,1,True
472,473,1,2,female,33.0,1,2,27.75,0,False,0,False
473,474,1,2,female,23.0,0,0,13.7917,0,False,0,False
474,475,0,3,female,22.0,0,0,9.8375,0,False,0,False
475,476,0,1,male,38.0,0,0,52.0,1,True,1,True
476,477,0,2,male,34.0,1,0,21.0,1,True,1,True
477,478,0,3,male,29.0,1,0,7.0458,1,True,1,True
478,479,0,3,male,22.0,0,0,7.5208,1,True,1,True
479,480,1,3,female,2.0,0,1,12.2875,0,False,0,False
480,481,0,3,male,9.0,5,2,46.9,1,True,1,True
481,482,0,2,male,30.0,0,0,0.0,1,True,1,True
482,483,0,3,male,50.0,0,0,8.05,1,True,1,True
483,484,1,3,female,63.0,0,0,9.5875,0,False,0,False
484,485,1,1,male,25.0,1,0,91.0792,1,True,1,True
485,486,0,3,female,25.0,3,1,25.4667,0,False,0,False
486,487,1,1,female,35.0,1,0,90.0,0,False,0,False
487,488,0,1,male,58.0,0,0,29.7,1,True,1,True
488,489,0,3,male,30.0,0,0,8.05,1,True,1,True
489,490,1,3,male,9.0,1,1,15.9,1,True,1,True
490,491,0,3,male,25.0,1,0,19.9667,1,True,1,True
491,492,0,3,male,21.0,0,0,7.25,1,True,1,True
492,493,0,1,male,55.0,0,0,30.5,1,True,1,True
493,494,0,1,male,71.0,0,0,49.5042,1,True,1,True
494,495,0,3,male,21.0,0,0,8.05,1,True,1,True
495,496,0,3,male,25.0,0,0,14.4583,1,True,1,True
496,497,1,1,female,54.0,1,0,78.2667,0,False,0,False
497,498,0,3,male,25.0,0,0,15.1,1,True,1,True
498,499,0,1,female,25.0,1,2,151.55,0,False,0,False
499,500,0,3,male,24.0,0,0,7.7958,1,True,1,True
500,501,0,3,male,17.0,0,0,8.6625,1,True,1,True
501,502,0,3,female,21.0,0,0,7.75,0,False,0,False
502,503,0,3,female,25.0,0,0,7.6292,0,False,0,False
503,504,0,3,female,37.0,0,0,9.5875,0,False,0,False
504,505,1,1,female,16.0,0,0,86.5,0,False,0,False
505,506,0,1,male,18.0,1,0,108.9,1,True,1,True
506,507,1,2,female,33.0,0,2,26.0,0,False,0,False
507,508,1,1,male,38.0,0,0,26.55,1,True,1,True
508,509,0,3,male,28.0,0,0,22.525,1,True,1,True
509,510,1,3,male,26.0,0,0,56.4958,1,True,1,True
510,511,1,3,male,29.0,0,0,7.75,1,True,1,True
511,512,0,3,male,25.0,0,0,8.05,1,True,1,True
512,513,1,1,male,36.0,0,0,26.2875,1,True,1,True
513,514,1,1,female,54.0,1,0,59.4,0,False,0,False
514,515,0,3,male,24.0,0,0,7.4958,1,True,1,True
515,516,0,1,male,47.0,0,0,34.0208,1,True,1,True
516,517,1,2,female,34.0,0,0,10.5,0,False,0,False
517,518,0,3,male,25.0,0,0,24.15,1,True,1,True
518,519,1,2,female,36.0,1,0,26.0,0,False,0,False
519,520,0,3,male,32.0,0,0,7.8958,1,True,1,True
520,521,1,1,female,30.0,0,0,93.5,0,False,0,False
521,522,0,3,male,22.0,0,0,7.8958,1,True,1,True
522,523,0,3,male,25.0,0,0,7.225,1,True,1,True
523,524,1,1,female,44.0,0,1,57.9792,0,False,0,False
524,525,0,3,male,25.0,0,0,7.2292,1,True,1,True
525,526,0,3,male,40.5,0,0,7.75,1,True,1,True
526,527,1,2,female,50.0,0,0,10.5,0,False,0,False
527,528,0,1,male,38.0,0,0,221.7792,1,True,1,True
528,529,0,3,male,39.0,0,0,7.925,1,True,1,True
529,530,0,2,male,23.0,2,1,11.5,1,True,1,True
530,531,1,2,female,2.0,1,1,26.0,0,False,0,False
531,532,0,3,male,25.0,0,0,7.2292,1,True,1,True
532,533,0,3,male,17.0,1,1,7.2292,1,True,1,True
533,534,1,3,female,25.0,0,2,22.3583,0,False,0,False
534,535,0,3,female,30.0,0,0,8.6625,0,False,0,False
535,536,1,2,female,7.0,0,2,26.25,0,False,0,False
536,537,0,1,male,45.0,0,0,26.55,1,True,1,True
537,538,1,1,female,30.0,0,0,106.425,0,False,0,False
538,539,0,3,male,25.0,0,0,14.5,1,True,1,True
539,540,1,1,female,22.0,0,2,49.5,0,False,0,False
540,541,1,1,female,36.0,0,2,71.0,0,False,0,False
541,542,0,3,female,9.0,4,2,31.275,0,False,0,False
542,543,0,3,female,11.0,4,2,31.275,0,False,0,False
543,544,1,2,male,32.0,1,0,26.0,1,True,1,True
544,545,0,1,male,50.0,1,0,106.425,1,True,1,True
545,546,0,1,male,64.0,0,0,26.0,1,True,1,True
546,547,1,2,female,19.0,1,0,26.0,0,False,0,False
547,548,1,2,male,30.0,0,0,13.8625,1,True,1,True
548,549,0,3,male,33.0,1,1,20.525,1,True,1,True
549,550,1,2,male,8.0,1,1,36.75,1,True,1,True
550,551,1,1,male,17.0,0,2,110.8833,1,True,1,True
551,552,0,2,male,27.0,0,0,26.0,1,True,1,True
552,553,0,3,male,25.0,0,0,7.8292,1,True,1,True
553,554,1,3,male,22.0,0,0,7.225,1,True,1,True
554,555,1,3,female,22.0,0,0,7.775,0,False,0,False
555,556,0,1,male,62.0,0,0,26.55,1,True,1,True
556,557,1,1,female,48.0,1,0,39.6,0,False,0,False
557,558,0,1,male,38.0,0,0,227.525,1,True,1,True
558,559,1,1,female,39.0,1,1,79.65,0,False,0,False
559,560,1,3,female,36.0,1,0,17.4,0,False,0,False
560,561,0,3,male,25.0,0,0,7.75,1,True,1,True
561,562,0,3,male,40.0,0,0,7.8958,1,True,1,True
562,563,0,2,male,28.0,0,0,13.5,1,True,1,True
563,564,0,3,male,25.0,0,0,8.05,1,True,1,True
564,565,0,3,female,25.0,0,0,8.05,0,False,0,False
565,566,0,3,male,24.0,2,0,24.15,1,True,1,True
566,567,0,3,male,19.0,0,0,7.8958,1,True,1,True
567,568,0,3,female,29.0,0,4,21.075,0,False,0,False
568,569,0,3,male,25.0,0,0,7.2292,1,True,1,True
569,570,1,3,male,32.0,0,0,7.8542,1,True,1,True
570,571,1,2,male,62.0,0,0,10.5,1,True,1,True
571,572,1,1,female,53.0,2,0,51.4792,0,False,0,False
572,573,1,1,male,36.0,0,0,26.3875,1,True,1,True
573,574,1,3,female,25.0,0,0,7.75,0,False,0,False
574,575,0,3,male,16.0,0,0,8.05,1,True,1,True
575,576,0,3,male,19.0,0,0,14.5,1,True,1,True
576,577,1,2,female,34.0,0,0,13.0,0,False,0,False
577,578,1,1,female,39.0,1,0,55.9,0,False,0,False
578,579,0,3,female,25.0,1,0,14.4583,0,False,0,False
579,580,1,3,male,32.0,0,0,7.925,1,True,1,True
580,581,1,2,female,25.0,1,1,30.0,0,False,0,False
581,582,1,1,female,39.0,1,1,110.8833,0,False,0,False
582,583,0,2,male,54.0,0,0,26.0,1,True,1,True
583,584,0,1,male,36.0,0,0,40.125,1,True,1,True
584,585,0,3,male,25.0,0,0,8.7125,1,True,1,True
585,586,1,1,female,18.0,0,2,79.65,0,False,0,False
586,587,0,2,male,47.0,0,0,15.0,1,True,1,True
587,588,1,1,male,60.0,1,1,79.2,1,True,1,True
588,589,0,3,male,22.0,0,0,8.05,1,True,1,True
589,590,0,3,male,25.0,0,0,8.05,1,True,1,True
590,591,0,3,male,35.0,0,0,7.125,1,True,1,True
591,592,1,1,female,52.0,1,0,78.2667,0,False,0,False
592,593,0,3,male,47.0,0,0,7.25,1,True,1,True
593,594,0,3,female,25.0,0,2,7.75,0,False,0,False
594,595,0,2,male,37.0,1,0,26.0,1,True,1,True
595,596,0,3,male,36.0,1,1,24.15,1,True,1,True
596,597,1,2,female,30.0,0,0,33.0,0,False,0,False
597,598,0,3,male,49.0,0,0,0.0,1,True,1,True
598,599,0,3,male,25.0,0,0,7.225,1,True,1,True
599,600,1,1,male,49.0,1,0,56.9292,1,True,1,True
600,601,1,2,female,24.0,2,1,27.0,0,False,0,False
601,602,0,3,male,25.0,0,0,7.8958,1,True,1,True
602,603,0,1,male,38.0,0,0,42.4,1,True,1,True
603,604,0,3,male,44.0,0,0,8.05,1,True,1,True
604,605,1,1,male,35.0,0,0,26.55,1,True,1,True
605,606,0,3,male,36.0,1,0,15.55,1,True,1,True
606,607,0,3,male,30.0,0,0,7.8958,1,True,1,True
607,608,1,1,male,27.0,0,0,30.5,1,True,1,True
608,609,1,2,female,22.0,1,2,41.5792,0,False,0,False
609,610,1,1,female,40.0,0,0,153.4625,0,False,0,False
610,611,0,3,female,39.0,1,5,31.275,0,False,0,False
611,612,0,3,male,25.0,0,0,7.05,1,True,1,True
612,613,1,3,female,25.0,1,0,15.5,0,False,0,False
613,614,0,3,male,25.0,0,0,7.75,1,True,1,True
614,615,0,3,male,35.0,0,0,8.05,1,True,1,True
615,616,1,2,female,24.0,1,2,65.0,0,False,0,False
616,617,0,3,male,34.0,1,1,14.4,1,True,1,True
617,618,0,3,female,26.0,1,0,16.1,0,False,0,False
618,619,1,2,female,4.0,2,1,39.0,0,False,0,False
619,620,0,2,male,26.0,0,0,10.5,1,True,1,True
620,621,0,3,male,27.0,1,0,14.4542,1,True,1,True
621,622,1,1,male,42.0,1,0,52.5542,1,True,1,True
622,623,1,3,male,20.0,1,1,15.7417,1,True,1,True
623,624,0,3,male,21.0,0,0,7.8542,1,True,1,True
624,625,0,3,male,21.0,0,0,16.1,1,True,1,True
625,626,0,1,male,61.0,0,0,32.3208,1,True,1,True
626,627,0,2,male,57.0,0,0,12.35,1,True,1,True
627,628,1,1,female,21.0,0,0,77.9583,0,False,0,False
628,629,0,3,male,26.0,0,0,7.8958,1,True,1,True
629,630,0,3,male,25.0,0,0,7.7333,1,True,1,True
630,631,1,1,male,80.0,0,0,30.0,1,True,1,True
631,632,0,3,male,51.0,0,0,7.0542,1,True,1,True
632,633,1,1,male,32.0,0,0,30.5,1,True,1,True
633,634,0,1,male,38.0,0,0,0.0,1,True,1,True
634,635,0,3,female,9.0,3,2,27.9,0,False,0,False
635,636,1,2,female,28.0,0,0,13.0,0,False,0,False
636,637,0,3,male,32.0,0,0,7.925,1,True,1,True
637,638,0,2,male,31.0,1,1,26.25,1,True,1,True
638,639,0,3,female,41.0,0,5,39.6875,0,False,0,False
639,640,0,3,male,25.0,1,0,16.1,1,True,1,True
640,641,0,3,male,20.0,0,0,7.8542,1,True,1,True
641,642,1,1,female,24.0,0,0,69.3,0,False,0,False
642,643,0,3,female,2.0,3,2,27.9,0,False,0,False
643,644,1,3,male,25.0,0,0,56.4958,1,True,1,True
644,645,1,3,female,0.75,2,1,19.2583,0,False,0,False
645,646,1,1,male,48.0,1,0,76.7292,1,True,1,True
646,647,0,3,male,19.0,0,0,7.8958,1,True,1,True
647,648,1,1,male,56.0,0,0,35.5,1,True,1,True
648,649,0,3,male,25.0,0,0,7.55,1,True,1,True
649,650,1,3,female,23.0,0,0,7.55,0,False,0,False
650,651,0,3,male,25.0,0,0,7.8958,1,True,1,True
651,652,1,2,female,18.0,0,1,23.0,0,False,0,False
652,653,0,3,male,21.0,0,0,8.4333,1,True,1,True
653,654,1,3,female,25.0,0,0,7.8292,0,False,0,False
654,655,0,3,female,18.0,0,0,6.75,0,False,0,False
655,656,0,2,male,24.0,2,0,73.5,1,True,1,True
656,657,0,3,male,25.0,0,0,7.8958,1,True,1,True
657,658,0,3,female,32.0,1,1,15.5,0,False,0,False
658,659,0,2,male,23.0,0,0,13.0,1,True,1,True
659,660,0,1,male,58.0,0,2,113.275,1,True,1,True
660,661,1,1,male,50.0,2,0,133.65,1,True,1,True
661,662,0,3,male,40.0,0,0,7.225,1,True,1,True
662,663,0,1,male,47.0,0,0,25.5875,1,True,1,True
663,664,0,3,male,36.0,0,0,7.4958,1,True,1,True
664,665,1,3,male,20.0,1,0,7.925,1,True,1,True
665,666,0,2,male,32.0,2,0,73.5,1,True,1,True
666,667,0,2,male,25.0,0,0,13.0,1,True,1,True
667,668,0,3,male,25.0,0,0,7.775,1,True,1,True
668,669,0,3,male,43.0,0,0,8.05,1,True,1,True
669,670,1,1,female,38.0,1,0,52.0,0,False,0,False
670,671,1,2,female,40.0,1,1,39.0,0,False,0,False
671,672,0,1,male,31.0,1,0,52.0,1,True,1,True
672,673,0,2,male,70.0,0,0,10.5,1,True,1,True
673,674,1,2,male,31.0,0,0,13.0,1,True,1,True
674,675,0,2,male,30.0,0,0,0.0,1,True,1,True
675,676,0,3,male,18.0,0,0,7.775,1,True,1,True
676,677,0,3,male,24.5,0,0,8.05,1,True,1,True
677,678,1,3,female,18.0,0,0,9.8417,0,False,0,False
678,679,0,3,female,43.0,1,6,46.9,0,False,0,False
679,680,1,1,male,36.0,0,1,512.3292,1,True,1,True
680,681,0,3,female,25.0,0,0,8.1375,0,False,0,False
681,682,1,1,male,27.0,0,0,76.7292,1,True,1,True
682,683,0,3,male,20.0,0,0,9.225,1,True,1,True
683,684,0,3,male,14.0,5,2,46.9,1,True,1,True
684,685,0,2,male,60.0,1,1,39.0,1,True,1,True
685,686,0,2,male,25.0,1,2,41.5792,1,True,1,True
686,687,0,3,male,14.0,4,1,39.6875,1,True,1,True
687,688,0,3,male,19.0,0,0,10.1708,1,True,1,True
688,689,0,3,male,18.0,0,0,7.7958,1,True,1,True
689,690,1,1,female,15.0,0,1,211.3375,0,False,0,False
690,691,1,1,male,31.0,1,0,57.0,1,True,1,True
691,692,1,3,female,4.0,0,1,13.4167,0,False,0,False
692,693,1,3,male,25.0,0,0,56.4958,1,True,1,True
693,694,0,3,male,25.0,0,0,7.225,1,True,1,True
694,695,0,1,male,60.0,0,0,26.55,1,True,1,True
695,696,0,2,male,52.0,0,0,13.5,1,True,1,True
696,697,0,3,male,44.0,0,0,8.05,1,True,1,True
697,698,1,3,female,25.0,0,0,7.7333,0,False,0,False
698,699,0,1,male,49.0,1,1,110.8833,1,True,1,True
699,700,0,3,male,42.0,0,0,7.65,1,True,1,True
700,701,1,1,female,18.0,1,0,227.525,0,False,0,False
701,702,1,1,male,35.0,0,0,26.2875,1,True,1,True
702,703,0,3,female,18.0,0,1,14.4542,0,False,0,False
703,704,0,3,male,25.0,0,0,7.7417,1,True,1,True
704,705,0,3,male,26.0,1,0,7.8542,1,True,1,True
705,706,0,2,male,39.0,0,0,26.0,1,True,1,True
706,707,1,2,female,45.0,0,0,13.5,0,False,0,False
707,708,1,1,male,42.0,0,0,26.2875,1,True,1,True
708,709,1,1,female,22.0,0,0,151.55,0,False,0,False
709,710,1,3,male,25.0,1,1,15.2458,1,True,1,True
710,711,1,1,female,24.0,0,0,49.5042,0,False,0,False
711,712,0,1,male,38.0,0,0,26.55,1,True,1,True
712,713,1,1,male,48.0,1,0,52.0,1,True,1,True
713,714,0,3,male,29.0,0,0,9.4833,1,True,1,True
714,715,0,2,male,52.0,0,0,13.0,1,True,1,True
715,716,0,3,male,19.0,0,0,7.65,1,True,1,True
716,717,1,1,female,38.0,0,0,227.525,0,False,0,False
717,718,1,2,female,27.0,0,0,10.5,0,False,0,False
718,719,0,3,male,25.0,0,0,15.5,1,True,1,True
719,720,0,3,male,33.0,0,0,7.775,1,True,1,True
720,721,1,2,female,6.0,0,1,33.0,0,False,0,False
721,722,0,3,male,17.0,1,0,7.0542,1,True,1,True
722,723,0,2,male,34.0,0,0,13.0,1,True,1,True
723,724,0,2,male,50.0,0,0,13.0,1,True,1,True
724,725,1,1,male,27.0,1,0,53.1,1,True,1,True
725,726,0,3,male,20.0,0,0,8.6625,1,True,1,True
726,727,1,2,female,30.0,3,0,21.0,0,False,0,False
727,728,1,3,female,25.0,0,0,7.7375,0,False,0,False
728,729,0,2,male,25.0,1,0,26.0,1,True,1,True
729,730,0,3,female,25.0,1,0,7.925,0,False,0,False
730,731,1,1,female,29.0,0,0,211.3375,0,False,0,False
731,732,0,3,male,11.0,0,0,18.7875,1,True,1,True
732,733,0,2,male,30.0,0,0,0.0,1,True,1,True
733,734,0,2,male,23.0,0,0,13.0,1,True,1,True
734,735,0,2,male,23.0,0,0,13.0,1,True,1,True
735,736,0,3,male,28.5,0,0,16.1,1,True,1,True
736,737,0,3,female,48.0,1,3,34.375,0,False,0,False
737,738,1,1,male,35.0,0,0,512.3292,1,True,1,True
738,739,0,3,male,25.0,0,0,7.8958,1,True,1,True
739,740,0,3,male,25.0,0,0,7.8958,1,True,1,True
740,741,1,1,male,38.0,0,0,30.0,1,True,1,True
741,742,0,1,male,36.0,1,0,78.85,1,True,1,True
742,743,1,1,female,21.0,2,2,262.375,0,False,0,False
743,744,0,3,male,24.0,1,0,16.1,1,True,1,True
744,745,1,3,male,31.0,0,0,7.925,1,True,1,True
745,746,0,1,male,70.0,1,1,71.0,1,True,1,True
746,747,0,3,male,16.0,1,1,20.25,1,True,1,True
747,748,1,2,female,30.0,0,0,13.0,0,False,0,False
748,749,0,1,male,19.0,1,0,53.1,1,True,1,True
749,750,0,3,male,31.0,0,0,7.75,1,True,1,True
750,751,1,2,female,4.0,1,1,23.0,0,False,0,False
751,752,1,3,male,6.0,0,1,12.475,1,True,1,True
752,753,0,3,male,33.0,0,0,9.5,1,True,1,True
753,754,0,3,male,23.0,0,0,7.8958,1,True,1,True
754,755,1,2,female,48.0,1,2,65.0,0,False,0,False
755,756,1,2,male,0.67,1,1,14.5,1,True,1,True
756,757,0,3,male,28.0,0,0,7.7958,1,True,1,True
757,758,0,2,male,18.0,0,0,11.5,1,True,1,True
758,759,0,3,male,34.0,0,0,8.05,1,True,1,True
759,760,1,1,female,33.0,0,0,86.5,0,False,0,False
760,761,0,3,male,25.0,0,0,14.5,1,True,1,True
761,762,0,3,male,41.0,0,0,7.125,1,True,1,True
762,763,1,3,male,20.0,0,0,7.2292,1,True,1,True
763,764,1,1,female,36.0,1,2,120.0,0,False,0,False
764,765,0,3,male,16.0,0,0,7.775,1,True,1,True
765,766,1,1,female,51.0,1,0,77.9583,0,False,0,False
766,767,0,1,male,38.0,0,0,39.6,1,True,1,True
767,768,0,3,female,30.5,0,0,7.75,0,False,0,False
768,769,0,3,male,25.0,1,0,24.15,1,True,1,True
769,770,0,3,male,32.0,0,0,8.3625,1,True,1,True
770,771,0,3,male,24.0,0,0,9.5,1,True,1,True
771,772,0,3,male,48.0,0,0,7.8542,1,True,1,True
772,773,0,2,female,57.0,0,0,10.5,0,False,0,False
773,774,0,3,male,25.0,0,0,7.225,1,True,1,True
774,775,1,2,female,54.0,1,3,23.0,0,False,0,False
775,776,0,3,male,18.0,0,0,7.75,1,True,1,True
776,777,0,3,male,25.0,0,0,7.75,1,True,1,True
777,778,1,3,female,5.0,0,0,12.475,0,False,0,False
778,779,0,3,male,25.0,0,0,7.7375,1,True,1,True
779,780,1,1,female,43.0,0,1,211.3375,0,False,0,False
780,781,1,3,female,13.0,0,0,7.2292,0,False,0,False
781,782,1,1,female,17.0,1,0,57.0,0,False,0,False
782,783,0,1,male,29.0,0,0,30.0,1,True,1,True
783,784,0,3,male,25.0,1,2,23.45,1,True,1,True
784,785,0,3,male,25.0,0,0,7.05,1,True,1,True
785,786,0,3,male,25.0,0,0,7.25,1,True,1,True
786,787,1,3,female,18.0,0,0,7.4958,0,False,0,False
787,788,0,3,male,8.0,4,1,29.125,1,True,1,True
788,789,1,3,male,1.0,1,2,20.575,1,True,1,True
789,790,0,1,male,46.0,0,0,79.2,1,True,1,True
790,791,0,3,male,25.0,0,0,7.75,1,True,1,True
791,792,0,2,male,16.0,0,0,26.0,1,True,1,True
792,793,0,3,female,25.0,8,2,69.55,0,False,0,False
793,794,0,1,male,38.0,0,0,30.6958,1,True,1,True
794,795,0,3,male,25.0,0,0,7.8958,1,True,1,True
795,796,0,2,male,39.0,0,0,13.0,1,True,1,True
796,797,1,1,female,49.0,0,0,25.9292,0,False,0,False
797,798,1,3,female,31.0,0,0,8.6833,0,False,0,False
798,799,0,3,male,30.0,0,0,7.2292,1,True,1,True
799,800,0,3,female,30.0,1,1,24.15,0,False,0,False
800,801,0,2,male,34.0,0,0,13.0,1,True,1,True
801,802,1,2,female,31.0,1,1,26.25,0,False,0,False
802,803,1,1,male,11.0,1,2,120.0,1,True,1,True
803,804,1,3,male,0.42,0,1,8.5167,1,True,1,True
804,805,1,3,male,27.0,0,0,6.975,1,True,1,True
805,806,0,3,male,31.0,0,0,7.775,1,True,1,True
806,807,0,1,male,39.0,0,0,0.0,1,True,1,True
807,808,0,3,female,18.0,0,0,7.775,0,False,0,False
808,809,0,2,male,39.0,0,0,13.0,1,True,1,True
809,810,1,1,female,33.0,1,0,53.1,0,False,0,False
810,811,0,3,male,26.0,0,0,7.8875,1,True,1,True
811,812,0,3,male,39.0,0,0,24.15,1,True,1,True
812,813,0,2,male,35.0,0,0,10.5,1,True,1,True
813,814,0,3,female,6.0,4,2,31.275,0,False,0,False
814,815,0,3,male,30.5,0,0,8.05,1,True,1,True
815,816,0,1,male,38.0,0,0,0.0,1,True,1,True
816,817,0,3,female,23.0,0,0,7.925,0,False,0,False
817,818,0,2,male,31.0,1,1,37.0042,1,True,1,True
818,819,0,3,male,43.0,0,0,6.45,1,True,1,True
819,820,0,3,male,10.0,3,2,27.9,1,True,1,True
820,821,1,1,female,52.0,1,1,93.5,0,False,0,False
821,822,1,3,male,27.0,0,0,8.6625,1,True,1,True
822,823,0,1,male,38.0,0,0,0.0,1,True,1,True
823,824,1,3,female,27.0,0,1,12.475,0,False,0,False
824,825,0,3,male,2.0,4,1,39.6875,1,True,1,True
825,826,0,3,male,25.0,0,0,6.95,1,True,1,True
826,827,0,3,male,25.0,0,0,56.4958,1,True,1,True
827,828,1,2,male,1.0,0,2,37.0042,1,True,1,True
828,829,1,3,male,25.0,0,0,7.75,1,True,1,True
829,830,1,1,female,62.0,0,0,80.0,0,False,0,False
830,831,1,3,female,15.0,1,0,14.4542,0,False,0,False
831,832,1,2,male,0.83,1,1,18.75,1,True,1,True
832,833,0,3,male,25.0,0,0,7.2292,1,True,1,True
833,834,0,3,male,23.0,0,0,7.8542,1,True,1,True
834,835,0,3,male,18.0,0,0,8.3,1,True,1,True
835,836,1,1,female,39.0,1,1,83.1583,0,False,0,False
836,837,0,3,male,21.0,0,0,8.6625,1,True,1,True
837,838,0,3,male,25.0,0,0,8.05,1,True,1,True
838,839,1,3,male,32.0,0,0,56.4958,1,True,1,True
839,840,1,1,male,38.0,0,0,29.7,1,True,1,True
840,841,0,3,male,20.0,0,0,7.925,1,True,1,True
841,842,0,2,male,16.0,0,0,10.5,1,True,1,True
842,843,1,1,female,30.0,0,0,31.0,0,False,0,False
843,844,0,3,male,34.5,0,0,6.4375,1,True,1,True
844,845,0,3,male,17.0,0,0,8.6625,1,True,1,True
845,846,0,3,male,42.0,0,0,7.55,1,True,1,True
846,847,0,3,male,25.0,8,2,69.55,1,True,1,True
847,848,0,3,male,35.0,0,0,7.8958,1,True,1,True
848,849,0,2,male,28.0,0,1,33.0,1,True,1,True
849,850,1,1,female,38.0,1,0,89.1042,0,False,0,False
850,851,0,3,male,4.0,4,2,31.275,1,True,1,True
851,852,0,3,male,74.0,0,0,7.775,1,True,1,True
852,853,0,3,female,9.0,1,1,15.2458,0,False,0,False
853,854,1,1,female,16.0,0,1,39.4,0,False,0,False
854,855,0,2,female,44.0,1,0,26.0,0,False,0,False
855,856,1,3,female,18.0,0,1,9.35,0,False,0,False
856,857,1,1,female,45.0,1,1,164.8667,0,False,0,False
857,858,1,1,male,51.0,0,0,26.55,1,True,1,True
858,859,1,3,female,24.0,0,3,19.2583,0,False,0,False
859,860,0,3,male,25.0,0,0,7.2292,1,True,1,True
860,861,0,3,male,41.0,2,0,14.1083,1,True,1,True
861,862,0,2,male,21.0,1,0,11.5,1,True,1,True
862,863,1,1,female,48.0,0,0,25.9292,0,False,0,False
863,864,0,3,female,25.0,8,2,69.55,0,False,0,False
864,865,0,2,male,24.0,0,0,13.0,1,True,1,True
865,866,1,2,female,42.0,0,0,13.0,0,False,0,False
866,867,1,2,female,27.0,1,0,13.8583,0,False,0,False
867,868,0,1,male,31.0,0,0,50.4958,1,True,1,True
868,869,0,3,male,25.0,0,0,9.5,1,True,1,True
869,870,1,3,male,4.0,1,1,11.1333,1,True,1,True
870,871,0,3,male,26.0,0,0,7.8958,1,True,1,True
871,872,1,1,female,47.0,1,1,52.5542,0,False,0,False
872,873,0,1,male,33.0,0,0,5.0,1,True,1,True
873,874,0,3,male,47.0,0,0,9.0,1,True,1,True
874,875,1,2,female,28.0,1,0,24.0,0,False,0,False
875,876,1,3,female,15.0,0,0,7.225,0,False,0,False
876,877,0,3,male,20.0,0,0,9.8458,1,True,1,True
877,878,0,3,male,19.0,0,0,7.8958,1,True,1,True
878,879,0,3,male,25.0,0,0,7.8958,1,True,1,True
879,880,1,1,female,56.0,0,1,83.1583,0,False,0,False
880,881,1,2,female,25.0,0,1,26.0,0,False,0,False
881,882,0,3,male,33.0,0,0,7.8958,1,True,1,True
882,883,0,3,female,22.0,0,0,10.5167,0,False,0,False
883,884,0,2,male,28.0,0,0,10.5,1,True,1,True
884,885,0,3,male,25.0,0,0,7.05,1,True,1,True
885,886,0,3,female,39.0,0,5,29.125,0,False,0,False
886,887,0,2,male,27.0,0,0,13.0,1,True,1,True
887,888,1,1,female,19.0,0,0,30.0,0,False,0,False
888,889,0,3,female,25.0,1,2,23.45,0,False,0,False
889,890,1,1,male,26.0,0,0,30.0,1,True,1,True
890,891,0,3,male,32.0,0,0,7.75,1,True,1,True
